<?xml version="1.0" encoding="UTF-8"?>

<DBMetaData driverMajorVersion="5" driverMinorVersion="1" driverVersion="mysql-connector-java-5.1.31 ( Revision: alexander.soklakov@oracle.com-20140520065950-groqzzbvxprqdmnz )" productVersion="5.5.68-MariaDB" identifierQuoteString="`" transactionLevel="Repeatable read" driverName="MySQL Connector Java" productName="MySQL">
  <Table schema="" ignoreIndexes="false" name="assignedtraining" type="TABLE" refreshed="true">
    <Column sqlTypeId="4" indexed="unknown" autoIncrement="false" type="INT" size="10" decimalDigits="0" name="oid" primaryKey="true" notNull="true"/>
    <Column sqlTypeId="93" indexed="unknown" autoIncrement="false" type="DATETIME" size="19" decimalDigits="0" name="tmpinsert" primaryKey="false" notNull="false"/>
    <Column sqlTypeId="4" indexed="unknown" autoIncrement="false" type="INT" size="10" decimalDigits="0" name="iscompleted" primaryKey="false" notNull="false"/>
    <Column sqlTypeId="4" indexed="unknown" autoIncrement="false" type="INT" size="10" decimalDigits="0" name="user_oid" primaryKey="false" notNull="false"/>
    <Column sqlTypeId="4" indexed="unknown" autoIncrement="false" type="INT" size="10" decimalDigits="0" name="training_oid" primaryKey="false" notNull="false"/>
    <Column sqlTypeId="4" indexed="unknown" autoIncrement="false" type="INT" size="10" decimalDigits="0" name="video_oid" primaryKey="false" notNull="false"/>
    <ForeignKey localColumnName="video_oid" foreignColumnName="oid" name="fk_assignedtraining_video" foreignTableName="video" foreignSchemaName=""/>
    <ForeignKey localColumnName="training_oid" foreignColumnName="oid" name="fk_assignedtraining_training" foreignTableName="training" foreignSchemaName=""/>
    <ForeignKey localColumnName="user_oid" foreignColumnName="oid" name="fk_assignedtraining_user" foreignTableName="user" foreignSchemaName=""/>
  </Table>
  <Table schema="" ignoreIndexes="false" name="evaluated" type="TABLE" refreshed="true">
    <Column sqlTypeId="4" indexed="unknown" autoIncrement="false" type="INT" size="10" decimalDigits="0" name="oid" primaryKey="true" notNull="true"/>
    <Column sqlTypeId="2" indexed="unknown" autoIncrement="false" type="NUMERIC" size="19" decimalDigits="2" webMLType="decimal" name="weight" primaryKey="false" notNull="false"/>
    <Column sqlTypeId="12" indexed="unknown" autoIncrement="false" type="VARCHAR" size="255" decimalDigits="0" name="photo" primaryKey="false" notNull="false"/>
    <Column sqlTypeId="4" indexed="unknown" autoIncrement="false" type="INT" size="10" decimalDigits="0" name="user_oid" primaryKey="false" notNull="false"/>
    <Column sqlTypeId="91" indexed="unknown" autoIncrement="false" type="DATE" size="10" decimalDigits="0" name="insertdate" primaryKey="false" notNull="false"/>
    <ForeignKey localColumnName="user_oid" foreignColumnName="oid" name="fk_evaluated_user" foreignTableName="user" foreignSchemaName=""/>
  </Table>
  <Table schema="" ignoreIndexes="false" name="feedback" type="TABLE" refreshed="true">
    <Column sqlTypeId="4" indexed="unknown" autoIncrement="false" type="INT" size="10" decimalDigits="0" name="oid" primaryKey="true" notNull="true"/>
    <Column sqlTypeId="12" indexed="unknown" autoIncrement="false" type="VARCHAR" size="255" decimalDigits="0" name="feedback" primaryKey="false" notNull="false"/>
    <Column sqlTypeId="4" indexed="unknown" autoIncrement="false" type="INT" size="10" decimalDigits="0" name="vote" primaryKey="false" notNull="false"/>
    <Column sqlTypeId="91" indexed="unknown" autoIncrement="false" type="DATE" size="10" decimalDigits="0" name="tmpinsert" primaryKey="false" notNull="false"/>
    <Column sqlTypeId="4" indexed="unknown" autoIncrement="false" type="INT" size="10" decimalDigits="0" name="assignedtraining_oid" primaryKey="false" notNull="false"/>
    <ForeignKey localColumnName="assignedtraining_oid" foreignColumnName="oid" name="fk_feedback_assignedtraining" foreignTableName="assignedtraining" foreignSchemaName=""/>
  </Table>
  <Table schema="" ignoreIndexes="false" name="goals_2" type="TABLE" refreshed="true">
    <Column sqlTypeId="4" indexed="unknown" autoIncrement="false" type="INT" size="10" decimalDigits="0" name="oid" primaryKey="true" notNull="true"/>
    <Column sqlTypeId="4" indexed="unknown" autoIncrement="false" type="INT" size="10" decimalDigits="0" name="year" primaryKey="false" notNull="false"/>
    <Column sqlTypeId="12" indexed="unknown" autoIncrement="false" type="VARCHAR" size="255" decimalDigits="0" name="month" primaryKey="false" notNull="false"/>
    <Column sqlTypeId="4" indexed="unknown" autoIncrement="false" type="INT" size="10" decimalDigits="0" name="weight" primaryKey="false" notNull="false"/>
    <Column sqlTypeId="4" indexed="unknown" autoIncrement="false" type="INT" size="10" decimalDigits="0" name="user_oid" primaryKey="false" notNull="false"/>
    <Column sqlTypeId="91" indexed="unknown" autoIncrement="false" type="DATE" size="10" decimalDigits="0" name="insertdate" primaryKey="false" notNull="false"/>
    <ForeignKey localColumnName="user_oid" foreignColumnName="oid" name="fk_goals_2_user" foreignTableName="user" foreignSchemaName=""/>
  </Table>
  <Table schema="" ignoreIndexes="false" name="group" type="TABLE" refreshed="true">
    <Column sqlTypeId="4" indexed="unknown" autoIncrement="false" type="INT" size="10" decimalDigits="0" name="oid" primaryKey="true" notNull="true"/>
    <Column sqlTypeId="12" indexed="unknown" autoIncrement="false" type="VARCHAR" size="255" decimalDigits="0" name="groupname" primaryKey="false" notNull="false"/>
    <Column sqlTypeId="4" indexed="unknown" autoIncrement="false" type="INT" size="10" decimalDigits="0" name="module_oid" primaryKey="false" notNull="false"/>
    <ForeignKey localColumnName="module_oid" foreignColumnName="oid" name="fk_group_module" foreignTableName="module" foreignSchemaName=""/>
  </Table>
  <Table schema="" ignoreIndexes="false" name="group_module" type="TABLE" refreshed="true">
    <Column sqlTypeId="4" indexed="unknown" autoIncrement="false" type="INT" size="10" decimalDigits="0" name="group_oid" primaryKey="true" notNull="true"/>
    <Column sqlTypeId="4" indexed="unknown" autoIncrement="false" type="INT" size="10" decimalDigits="0" name="module_oid" primaryKey="true" notNull="true"/>
    <ForeignKey localColumnName="module_oid" foreignColumnName="oid" name="fk_group_module_module" foreignTableName="module" foreignSchemaName=""/>
    <ForeignKey localColumnName="group_oid" foreignColumnName="oid" name="fk_group_module_group" foreignTableName="group" foreignSchemaName=""/>
  </Table>
  <Table schema="" ignoreIndexes="false" name="log_2" type="TABLE" refreshed="true">
    <Column sqlTypeId="4" indexed="unknown" autoIncrement="false" type="INT" size="10" decimalDigits="0" name="oid" primaryKey="true" notNull="true"/>
    <Column sqlTypeId="12" indexed="unknown" autoIncrement="false" type="VARCHAR" size="255" decimalDigits="0" name="test" primaryKey="false" notNull="false"/>
  </Table>
  <Table schema="" ignoreIndexes="false" name="module" type="TABLE" refreshed="true">
    <Column sqlTypeId="4" indexed="unknown" autoIncrement="false" type="INT" size="10" decimalDigits="0" name="oid" primaryKey="true" notNull="true"/>
    <Column sqlTypeId="12" indexed="unknown" autoIncrement="false" type="VARCHAR" size="255" decimalDigits="0" name="moduleid" primaryKey="false" notNull="false"/>
    <Column sqlTypeId="12" indexed="unknown" autoIncrement="false" type="VARCHAR" size="255" decimalDigits="0" name="modulename" primaryKey="false" notNull="false"/>
  </Table>
  <Table schema="" ignoreIndexes="false" name="support" type="TABLE" refreshed="true">
    <Column sqlTypeId="4" indexed="unknown" autoIncrement="false" type="INT" size="10" decimalDigits="0" name="oid" primaryKey="true" notNull="true"/>
    <Column sqlTypeId="12" indexed="unknown" autoIncrement="false" type="VARCHAR" size="255" decimalDigits="0" name="title" primaryKey="false" notNull="false"/>
    <Column sqlTypeId="12" indexed="unknown" autoIncrement="false" type="VARCHAR" size="255" decimalDigits="0" name="description" primaryKey="false" notNull="false"/>
    <Column sqlTypeId="91" indexed="unknown" autoIncrement="false" type="DATE" size="10" decimalDigits="0" name="tmpinsert" primaryKey="false" notNull="false"/>
    <Column sqlTypeId="12" indexed="unknown" autoIncrement="false" type="VARCHAR" size="255" decimalDigits="0" name="status" primaryKey="false" notNull="false"/>
    <Column sqlTypeId="4" indexed="unknown" autoIncrement="false" type="INT" size="10" decimalDigits="0" name="user_oid" primaryKey="false" notNull="false"/>
    <ForeignKey localColumnName="user_oid" foreignColumnName="oid" name="fk_support_user" foreignTableName="user" foreignSchemaName=""/>
  </Table>
  <Table schema="" ignoreIndexes="false" name="training" type="TABLE" refreshed="true">
    <Column sqlTypeId="4" indexed="unknown" autoIncrement="false" type="INT" size="10" decimalDigits="0" name="oid" primaryKey="true" notNull="true"/>
    <Column sqlTypeId="12" indexed="unknown" autoIncrement="false" type="VARCHAR" size="255" decimalDigits="0" name="name" primaryKey="false" notNull="false"/>
    <Column sqlTypeId="12" indexed="unknown" autoIncrement="false" type="VARCHAR" size="255" decimalDigits="0" name="description" primaryKey="false" notNull="false"/>
    <Column sqlTypeId="4" indexed="unknown" autoIncrement="false" type="INT" size="10" decimalDigits="0" name="user_oid" primaryKey="false" notNull="false"/>
    <ForeignKey localColumnName="user_oid" foreignColumnName="oid" name="fk_training_user" foreignTableName="user" foreignSchemaName=""/>
  </Table>
  <Table schema="" ignoreIndexes="false" name="user" type="TABLE" refreshed="true">
    <Column sqlTypeId="4" indexed="unknown" autoIncrement="false" type="INT" size="10" decimalDigits="0" name="oid" primaryKey="true" notNull="true"/>
    <Column sqlTypeId="12" indexed="unknown" autoIncrement="false" type="VARCHAR" size="255" decimalDigits="0" name="username" primaryKey="false" notNull="false"/>
    <Column sqlTypeId="12" indexed="unknown" autoIncrement="false" type="VARCHAR" size="255" decimalDigits="0" name="password" primaryKey="false" notNull="false"/>
    <Column sqlTypeId="12" indexed="unknown" autoIncrement="false" type="VARCHAR" size="255" decimalDigits="0" name="email" primaryKey="false" notNull="false"/>
    <Column sqlTypeId="12" indexed="unknown" autoIncrement="false" type="VARCHAR" size="255" decimalDigits="0" name="firstname" primaryKey="false" notNull="false"/>
    <Column sqlTypeId="12" indexed="unknown" autoIncrement="false" type="VARCHAR" size="255" decimalDigits="0" name="lastname" primaryKey="false" notNull="false"/>
    <Column sqlTypeId="4" indexed="unknown" autoIncrement="false" type="INT" size="10" decimalDigits="0" name="group_oid" primaryKey="false" notNull="false"/>
    <Column sqlTypeId="4" indexed="unknown" autoIncrement="false" type="INT" size="10" decimalDigits="0" name="ispending" primaryKey="false" notNull="false"/>
    <ForeignKey localColumnName="group_oid" foreignColumnName="oid" name="fk_user_group" foreignTableName="group" foreignSchemaName=""/>
  </Table>
  <Table schema="" ignoreIndexes="false" name="user_group" type="TABLE" refreshed="true">
    <Column sqlTypeId="4" indexed="unknown" autoIncrement="false" type="INT" size="10" decimalDigits="0" name="user_oid" primaryKey="true" notNull="true"/>
    <Column sqlTypeId="4" indexed="unknown" autoIncrement="false" type="INT" size="10" decimalDigits="0" name="group_oid" primaryKey="true" notNull="true"/>
    <ForeignKey localColumnName="group_oid" foreignColumnName="oid" name="fk_user_group_group" foreignTableName="group" foreignSchemaName=""/>
    <ForeignKey localColumnName="user_oid" foreignColumnName="oid" name="fk_user_group_user" foreignTableName="user" foreignSchemaName=""/>
  </Table>
  <Table schema="" ignoreIndexes="false" name="video" type="TABLE" refreshed="true">
    <Column sqlTypeId="4" indexed="unknown" autoIncrement="false" type="INT" size="10" decimalDigits="0" name="oid" primaryKey="true" notNull="true"/>
    <Column sqlTypeId="12" indexed="unknown" autoIncrement="false" type="VARCHAR" size="255" decimalDigits="0" name="name" primaryKey="false" notNull="false"/>
    <Column sqlTypeId="12" indexed="unknown" autoIncrement="false" type="VARCHAR" size="255" decimalDigits="0" name="video" primaryKey="false" notNull="false"/>
    <Column sqlTypeId="12" indexed="unknown" autoIncrement="false" type="VARCHAR" size="255" decimalDigits="0" name="description" primaryKey="false" notNull="false"/>
    <Column sqlTypeId="4" indexed="unknown" autoIncrement="false" type="INT" size="10" decimalDigits="0" name="training_oid" primaryKey="false" notNull="false"/>
    <ForeignKey localColumnName="training_oid" foreignColumnName="oid" name="fk_video_training" foreignTableName="training" foreignSchemaName=""/>
  </Table>
  <Table schema="" ignoreIndexes="false" name="vw_assignedtraining_training" type="VIEW" refreshed="true">
    <Column sqlTypeId="4" indexed="unknown" autoIncrement="false" type="INT" size="10" decimalDigits="0" name="trainer_oid" primaryKey="false" notNull="false"/>
    <Column sqlTypeId="4" indexed="unknown" autoIncrement="false" type="INT" size="10" decimalDigits="0" name="training_oid" primaryKey="false" notNull="false"/>
    <Column sqlTypeId="12" indexed="unknown" autoIncrement="false" type="VARCHAR" size="255" decimalDigits="0" name="training_name" primaryKey="false" notNull="false"/>
    <Column sqlTypeId="4" indexed="unknown" autoIncrement="false" type="INT" size="10" decimalDigits="0" name="customer_oid" primaryKey="false" notNull="false"/>
    <SQLDefinition>select `t`.`user_oid` AS `trainer_oid`,`a`.`training_oid` AS `training_oid`,`t`.`name` AS `training_name`,`a`.`user_oid` AS `customer_oid` from (`assignedtraining` `a` join `training` `t` on((`a`.`training_oid` = `t`.`oid`))) group by `a`.`user_oid`,`a`.`training_oid`,`t`.`name`,`a`.`user_oid`</SQLDefinition>
  </Table>
  <Table schema="" ignoreIndexes="false" name="vw_bottom_training" type="VIEW" refreshed="true">
    <Column sqlTypeId="12" indexed="unknown" autoIncrement="false" type="VARCHAR" size="255" decimalDigits="0" name="Training Name" primaryKey="false" notNull="false"/>
    <Column sqlTypeId="2" indexed="unknown" autoIncrement="false" type="NUMERIC" size="14" decimalDigits="4" webMLType="decimal" name="Average Rating" primaryKey="false" notNull="false"/>
    <SQLDefinition>select `t`.`name` AS `Training Name`,avg(`f`.`vote`) AS `Average Rating` from ((`feedback` `f` join `assignedtraining` `a` on((`f`.`assignedtraining_oid` = `a`.`oid`))) join `training` `t` on((`a`.`training_oid` = `t`.`oid`))) group by `t`.`name` order by avg(`f`.`vote`) limit 3</SQLDefinition>
  </Table>
  <Table schema="" ignoreIndexes="false" name="vw_detail_training_completed" type="VIEW" refreshed="true">
    <Column sqlTypeId="12" indexed="unknown" autoIncrement="false" type="VARCHAR" size="255" decimalDigits="0" name="Video Name" primaryKey="false" notNull="false"/>
    <Column sqlTypeId="12" indexed="unknown" autoIncrement="false" type="VARCHAR" size="255" decimalDigits="0" name="Description" primaryKey="false" notNull="false"/>
    <Column sqlTypeId="12" indexed="unknown" autoIncrement="false" type="VARCHAR" size="255" decimalDigits="0" name="Feedback" primaryKey="false" notNull="true"/>
    <Column sqlTypeId="4" indexed="unknown" autoIncrement="false" type="INT" size="10" decimalDigits="0" name="Vote" primaryKey="false" notNull="false"/>
    <Column sqlTypeId="4" indexed="unknown" autoIncrement="false" type="INT" size="10" decimalDigits="0" name="video_oid" primaryKey="false" notNull="false"/>
    <Column sqlTypeId="4" indexed="unknown" autoIncrement="false" type="INT" size="10" decimalDigits="0" name="user_oid" primaryKey="false" notNull="false"/>
    <Column sqlTypeId="4" indexed="unknown" autoIncrement="false" type="INT" size="10" decimalDigits="0" name="training_oid" primaryKey="false" notNull="false"/>
    <SQLDefinition>select `v`.`name` AS `Video Name`,`v`.`description` AS `Description`,ifnull(if((`f`.`feedback` = ''),'-',`f`.`feedback`),'-') AS `Feedback`,`f`.`vote` AS `Vote`,`a`.`video_oid` AS `video_oid`,`a`.`user_oid` AS `user_oid`,`a`.`training_oid` AS `training_oid` from ((`assignedtraining` `a` left join `feedback` `f` on((`a`.`oid` = `f`.`assignedtraining_oid`))) join `video` `v` on((`a`.`video_oid` = `v`.`oid`))) where (`a`.`iscompleted` = 1)</SQLDefinition>
  </Table>
  <Table schema="" ignoreIndexes="false" name="vw_stat_1" type="VIEW" refreshed="true">
    <Column sqlTypeId="4" indexed="unknown" autoIncrement="false" type="INT" size="10" decimalDigits="0" name="trainer_oid" primaryKey="false" notNull="false"/>
    <Column sqlTypeId="4" indexed="unknown" autoIncrement="false" type="INT" size="10" decimalDigits="0" name="training_oid" primaryKey="false" notNull="false"/>
    <Column sqlTypeId="12" indexed="unknown" autoIncrement="false" type="VARCHAR" size="255" decimalDigits="0" name="Training Name" primaryKey="false" notNull="false"/>
    <Column sqlTypeId="2" indexed="unknown" autoIncrement="false" type="NUMERIC" size="19" decimalDigits="0" webMLType="decimal" name="# Follower" primaryKey="false" notNull="true"/>
    <SQLDefinition>select `vw_assignedtraining_training`.`trainer_oid` AS `trainer_oid`,`vw_assignedtraining_training`.`training_oid` AS `training_oid`,`vw_assignedtraining_training`.`training_name` AS `Training Name`,count(0) AS `# Follower` from `vw_assignedtraining_training` group by `vw_assignedtraining_training`.`trainer_oid`,`vw_assignedtraining_training`.`training_oid`,`vw_assignedtraining_training`.`training_name`</SQLDefinition>
  </Table>
  <Table schema="" ignoreIndexes="false" name="vw_top_training" type="VIEW" refreshed="true">
    <Column sqlTypeId="12" indexed="unknown" autoIncrement="false" type="VARCHAR" size="255" decimalDigits="0" name="Training Name" primaryKey="false" notNull="false"/>
    <Column sqlTypeId="2" indexed="unknown" autoIncrement="false" type="NUMERIC" size="14" decimalDigits="4" webMLType="decimal" name="Average Rating" primaryKey="false" notNull="false"/>
    <SQLDefinition>select `t`.`name` AS `Training Name`,avg(`f`.`vote`) AS `Average Rating` from ((`feedback` `f` join `assignedtraining` `a` on((`f`.`assignedtraining_oid` = `a`.`oid`))) join `training` `t` on((`a`.`training_oid` = `t`.`oid`))) group by `t`.`name` order by avg(`f`.`vote`) desc limit 3</SQLDefinition>
  </Table>
  <Table schema="" ignoreIndexes="false" name="vw_training_completed" type="VIEW" refreshed="true">
    <Column sqlTypeId="4" indexed="unknown" autoIncrement="false" type="INT" size="10" decimalDigits="0" name="training_oid" primaryKey="false" notNull="false"/>
    <Column sqlTypeId="12" indexed="unknown" autoIncrement="false" type="VARCHAR" size="255" decimalDigits="0" name="Training Name" primaryKey="false" notNull="false"/>
    <Column sqlTypeId="12" indexed="unknown" autoIncrement="false" type="VARCHAR" size="255" decimalDigits="0" name="Description" primaryKey="false" notNull="false"/>
    <Column sqlTypeId="4" indexed="unknown" autoIncrement="false" type="INT" size="10" decimalDigits="0" name="user_oid" primaryKey="false" notNull="false"/>
    <Column sqlTypeId="4" indexed="unknown" autoIncrement="false" type="INT" size="10" decimalDigits="0" name="iscompleted" primaryKey="false" notNull="false"/>
    <SQLDefinition>select `a`.`training_oid` AS `training_oid`,`t`.`name` AS `Training Name`,`t`.`description` AS `Description`,`a`.`user_oid` AS `user_oid`,(case when (sum(`a`.`iscompleted`) = count(`a`.`iscompleted`)) then 1 else 0 end) AS `iscompleted` from (`assignedtraining` `a` join `training` `t` on((`a`.`training_oid` = `t`.`oid`))) group by `a`.`training_oid`,`a`.`user_oid`</SQLDefinition>
  </Table>
</DBMetaData>
